x,y,z
0.02123713493347168,0.027746379375457764,0.054422855377197266
0.022673070430755615,0.03544539213180542,0.17982149124145508
0.019921958446502686,0.05355721712112427,0.14544373750686646
0.008783042430877686,0.09902185201644897,0.16906538605690002
0.009311914443969727,0.09437912702560425,0.1673557460308075
0.01481008529663086,0.05220454931259155,0.18334555625915527
0.00829082727432251,0.08899646997451782,0.1872366964817047
0.014634668827056885,0.08552855253219604,0.19492867588996887
0.010987639427185059,0.08919817209243774,0.1888582706451416
0.013044774532318115,0.06779652833938599,0.11909687519073486
0.014688193798065186,0.0683850646018982,0.14110302925109863
0.015594780445098877,0.07255822420120239,0.11323651671409607
0.01564568281173706,0.07442444562911987,0.07789826393127441
0.005919396877288818,0.08963137865066528,0.15391016006469727
-0.006821990013122559,0.017515361309051514,0.23365071415901184
-0.012076079845428467,0.020283162593841553,0.20347978174686432
-0.013482928276062012,-0.02068549394607544,0.22054097056388855
-0.01818627119064331,-0.000590205192565918,0.1637047529220581
-0.019437134265899658,0.00016611814498901367,0.10225081443786621
-0.01589149236679077,-0.009337902069091797,0.11133363842964172
-0.01631486415863037,-0.009065747261047363,0.16571223735809326
-0.01651066541671753,-0.00867849588394165,0.16029250621795654
-0.009496808052062988,-0.008183002471923828,0.12229093909263611
-0.006974518299102783,0.007495105266571045,0.18228790163993835
0.004354298114776611,0.008003532886505127,0.14233693480491638
0.020631790161132812,0.042578041553497314,0.1815413534641266
0.030978918075561523,0.052369773387908936,0.15244486927986145
0.030881106853485107,0.09168475866317749,0.13872912526130676
0.035064637660980225,0.10104793310165405,0.1386791169643402
0.0363006591796875,0.0967751145362854,0.12932011485099792
0.036232590675354004,0.0861169695854187,0.18448588252067566
0.037458837032318115,0.08536428213119507,0.12433359026908875
0.035891175270080566,0.07584971189498901,0.19406640529632568
0.029785335063934326,0.08885997533798218,0.2166314721107483
0.019654452800750732,0.04881554841995239,0.22852641344070435
-0.010773003101348877,0.026941239833831787,0.21698421239852905
-0.027736783027648926,0.003760039806365967,0.16647747159004211
-0.038625121116638184,0.032555997371673584,0.18407678604125977
-0.07184725999832153,0.10961407423019409,-0.02741488814353943
-0.041335463523864746,0.12254840135574341,-0.0004385709762573242
-0.013078629970550537,0.0813414454460144,0.032422661781311035
-0.007722020149230957,0.09596902132034302,0.031950443983078
-0.03019416332244873,0.093441903591156,0.024096161127090454
-0.04749065637588501,0.09893840551376343,0.09307593107223511
-0.0305483341217041,0.09753614664077759,0.09062686562538147
-0.07646548748016357,0.07533520460128784,0.03424784541130066
-0.003418445587158203,0.000986933708190918,0.09092655777931213
-0.0034905672073364258,0.0014780759811401367,0.0943874716758728
-0.0029883980751037598,0.0011445283889770508,0.11984381079673767
-0.004627883434295654,0.0012717247009277344,0.08440041542053223
-0.005160272121429443,0.05010867118835449,0.05448630452156067
-0.00997859239578247,0.049918532371520996,0.09334218502044678
-0.003639042377471924,0.05465376377105713,0.09564784169197083
-0.00540316104888916,0.051976680755615234,0.0865892767906189
-0.004897892475128174,0.02876293659210205,0.09965598583221436
0.0073511600494384766,0.06053483486175537,0.1070408821105957
0.0048021674156188965,0.0609668493270874,0.06945863366127014
0.00413060188293457,0.013302803039550781,0.04870963096618652
0.00821995735168457,0.05316424369812012,0.04708099365234375
0.021386027336120605,0.05247640609741211,0.05371534824371338
0.026405274868011475,0.05695819854736328,0.0538422167301178
0.03194880485534668,0.05670344829559326,0.04704514145851135
0.03724014759063721,0.052121758460998535,0.16654187440872192
0.038568198680877686,0.05828404426574707,0.12898695468902588
0.045363008975982666,0.062326669692993164,0.026836246252059937
0.04419100284576416,0.03755509853363037,0.060321420431137085
0.04625290632247925,0.05023324489593506,0.012998223304748535
0.046364009380340576,0.04535531997680664,0.07279205322265625
0.046341776847839355,0.04398393630981445,0.035465240478515625
0.04212057590484619,0.036965250968933105,0.1194944679737091
0.04526495933532715,0.05371129512786865,0.10996389389038086
0.037210047245025635,0.056374192237854004,0.08591175079345703
0.029841899871826172,0.04287266731262207,0.06571662425994873
0.014761388301849365,0.04296267032623291,0.10232338309288025
0.01243513822555542,0.04411900043487549,0.10003507137298584
0.002059340476989746,0.015676379203796387,0.1293138563632965
-0.00035887956619262695,0.022625446319580078,0.057990044355392456
-0.010448992252349854,0.007640242576599121,0.048268407583236694
-0.015577197074890137,-0.020193815231323242,0.1290459930896759
-0.015065491199493408,-0.04189932346343994,0.14239096641540527
-0.0163724422454834,-0.03777742385864258,0.1547832190990448
-0.014995872974395752,-0.036719322204589844,0.14044374227523804
-0.016766130924224854,-0.038848280906677246,0.1516106128692627
-0.014096260070800781,-0.04775702953338623,0.15143266320228577
-0.012497782707214355,-0.021716952323913574,0.10690867900848389
-0.017176926136016846,-0.022107362747192383,0.11320295929908752
-0.013596951961517334,-0.0038073062896728516,0.09962999820709229
-0.013447105884552002,0.007765769958496094,0.08381780982017517
-0.005244791507720947,0.0052831172943115234,0.08605307340621948
0.004425525665283203,-0.039351820945739746,0.18409322202205658
0.018043696880340576,-0.037651658058166504,0.16570478677749634
0.030934035778045654,-0.04117989540100098,0.1814170926809311
0.03555953502655029,-0.051648736000061035,0.17355524003505707
0.029141008853912354,-0.04401862621307373,0.09888768196105957
-0.042563021183013916,-0.02595353126525879,0.11142033338546753
-0.03267127275466919,-0.0042313337326049805,0.06072166562080383
-0.05357998609542847,0.01618969440460205,-0.05882599949836731
-0.05316442251205444,0.02137315273284912,-0.14351028203964233
-0.039342522621154785,-0.023080945014953613,-0.138475239276886
-0.05078321695327759,0.02522146701812744,0.013728290796279907
-0.060287296772003174,0.05161702632904053,0.0325755774974823
-0.04629892110824585,0.059258103370666504,0.019788086414337158
-0.03908258676528931,0.06644701957702637,0.028746306896209717
-0.0518876314163208,0.0353928804397583,0.03578639030456543
-0.05511385202407837,0.03657031059265137,-0.005454003810882568
-0.05087536573410034,0.04066598415374756,0.009227842092514038
-0.0551990270614624,0.03941822052001953,0.04123830795288086
-0.039048612117767334,0.0730353593826294,0.013759821653366089
-0.040836870670318604,0.030380845069885254,-0.01103055477142334
-0.04020226001739502,0.03562808036804199,-0.009348750114440918
-0.039491474628448486,0.03638291358947754,0.005493223667144775
-0.04021221399307251,0.037078022956848145,0.01755046844482422
-0.04025989770889282,0.03747379779815674,0.021330922842025757
-0.03962165117263794,0.0031316280364990234,-0.005312800407409668
-0.038376450538635254,0.004868626594543457,-0.006367206573486328
-0.03882080316543579,0.046187520027160645,0.06551548838615417
-0.039109766483306885,0.026304960250854492,0.02268362045288086
-0.03447669744491577,0.03838539123535156,0.010250270366668701
-0.04300880432128906,0.052294373512268066,0.07527482509613037
-0.03594309091567993,0.05165672302246094,0.03699684143066406
-0.03676319122314453,0.04829668998718262,0.04834756255149841
-0.03475731611251831,0.059459686279296875,0.0429627001285553
-0.03675687313079834,0.06041085720062256,0.019133150577545166
-0.03631031513214111,0.054169416427612305,0.005326062440872192
-0.034156978130340576,0.010094761848449707,0.028804391622543335
-0.03928619623184204,0.03906285762786865,0.0037163496017456055
-0.04131972789764404,0.018451809883117676,0.018210887908935547
-0.04029339551925659,0.05992889404296875,0.047562867403030396
-0.03701150417327881,0.058690547943115234,0.07510390877723694
-0.03738713264465332,0.0019081830978393555,0.02138116955757141
-0.049206554889678955,0.04027700424194336,-0.0659133791923523
-0.03529149293899536,0.0004736185073852539,0.012076973915100098
-0.035615503787994385,0.04742312431335449,0.009420573711395264
-0.03657323122024536,0.00898754596710205,0.05987963080406189
-0.03810906410217285,0.008859872817993164,0.05088841915130615
-0.0327761173248291,-0.014284372329711914,0.05352747440338135
-0.03165018558502197,-0.03959465026855469,0.09262964129447937
-0.03265899419784546,-0.03655421733856201,-0.00040772557258605957
-0.03231626749038696,-0.034911155700683594,0.08906435966491699
-0.031119048595428467,-0.019074678421020508,0.05484914779663086
-0.032449185848236084,0.0058127641677856445,0.09854689240455627
-0.03231436014175415,0.009822607040405273,0.05124098062515259
-0.030872881412506104,0.049897193908691406,0.049881160259246826
-0.03086698055267334,0.05400991439819336,0.051322340965270996
-0.0291023850440979,0.05023336410522461,0.04106795787811279
-0.030707120895385742,0.004943966865539551,0.04351460933685303
-0.025470376014709473,0.006918668746948242,0.08919703960418701
-0.011162340641021729,0.04257500171661377,0.04944169521331787
-0.009811222553253174,0.008803129196166992,0.09547814726829529
0.00209730863571167,-0.011847496032714844,0.09137168526649475
0.01868993043899536,-0.010743141174316406,0.11746776103973389
0.01164788007736206,0.04051494598388672,0.11553403735160828
0.013022124767303467,0.021728515625,0.09551447629928589
0.01257997751235962,0.03709590435028076,0.08767858147621155
0.012638986110687256,0.05379033088684082,0.11256802082061768
0.019972622394561768,0.055246829986572266,0.05818814039230347
0.009323656558990479,0.05502808094024658,0.1521453857421875
0.012780249118804932,0.06177949905395508,0.095330148935318
0.01941382884979248,0.05867624282836914,0.07467469573020935
0.01388484239578247,0.0692605972290039,0.0833938717842102
0.009948968887329102,0.010263562202453613,0.07766127586364746
0.003239154815673828,-0.008464455604553223,0.0835755467414856
0.014351844787597656,-0.0859302282333374,0.14673539996147156
0.018088221549987793,-0.14929598569869995,0.058405131101608276
0.023994863033294678,-0.23945844173431396,0.05420425534248352
0.027676880359649658,-0.34487026929855347,0.08771339058876038
0.033030569553375244,-0.36725491285324097,0.1853511929512024
0.03742450475692749,-0.39409172534942627,0.1793777346611023
0.03740972280502319,-0.4039860963821411,0.1652834266424179
0.03614085912704468,-0.4140709638595581,0.20454826951026917
0.04591965675354004,-0.3988147974014282,0.17528361082077026
0.04927176237106323,-0.39869147539138794,0.1739969402551651
0.04488009214401245,-0.3906099796295166,0.15142348408699036
0.03576648235321045,-0.3856979012489319,0.06730970740318298
0.031427085399627686,-0.37760889530181885,0.2095077931880951
0.03025001287460327,-0.37883615493774414,0.09272697567939758
0.028254210948944092,-0.374358594417572,0.174663245677948
0.02647155523300171,-0.37678784132003784,0.16422821581363678
0.025081157684326172,-0.3819431662559509,0.12371742725372314
0.025105178356170654,-0.3771396279335022,0.12461549043655396
0.024988412857055664,-0.37572211027145386,0.13036692142486572
0.025205492973327637,-0.37056297063827515,0.16545328497886658
0.024768173694610596,-0.3574180006980896,0.14148366451263428
0.02498525381088257,-0.33233970403671265,0.1396910548210144
0.02662748098373413,-0.30947160720825195,0.1710105985403061
0.02658599615097046,-0.2877987027168274,0.11542907357215881
0.029622018337249756,-0.27248555421829224,0.11746010184288025
0.03367412090301514,-0.26280826330184937,0.09154883027076721
0.0323488712310791,-0.25796741247177124,0.14193058013916016
0.03256744146347046,-0.2515067458152771,0.14793887734413147
0.035473525524139404,-0.23917824029922485,0.13334977626800537
0.04184073209762573,-0.23376190662384033,0.10367503762245178
0.04371827840805054,-0.2337789535522461,0.10576337575912476
0.04377466440200806,-0.2571263313293457,0.13399779796600342
0.04346221685409546,-0.2829107642173767,0.14727702736854553
0.03840512037277222,-0.315665066242218,0.09003490209579468
0.020777881145477295,-0.42164546251296997,0.20170480012893677
0.01445925235748291,-0.47086596488952637,0.1739942729473114
0.008609473705291748,-0.49988311529159546,0.20417486131191254
0.0036541223526000977,-0.5154980421066284,0.17801524698734283
0.0030139684677124023,-0.516717255115509,0.17095431685447693
0.0033515095710754395,-0.515834391117096,0.2110346406698227
0.004256069660186768,-0.5168298482894897,0.2448582947254181
0.0027942657470703125,-0.5229994058609009,0.2467576563358307
0.003864586353302002,-0.5222426652908325,0.24505522847175598
0.0038983821868896484,-0.518952488899231,0.27603280544281006
0.004045665264129639,-0.5179673433303833,0.24463731050491333
0.010768353939056396,-0.5067929625511169,0.25554488599300385
0.01931154727935791,-0.4910529851913452,0.19462600350379944
0.037476420402526855,-0.46552926301956177,0.19657672941684723
0.06838947534561157,-0.44616496562957764,0.25851526856422424
0.1206279993057251,-0.4390549063682556,0.22790922224521637
0.14330172538757324,-0.43951594829559326,0.23414838314056396
0.14913135766983032,-0.4396889805793762,0.3764088600873947
0.14915263652801514,-0.43738120794296265,0.3558789901435375
0.16276764869689941,-0.45404791831970215,0.21861572563648224
0.19779658317565918,-0.5145487785339355,0.15833495557308197
0.22479671239852905,-0.5774560272693634,0.15824896097183228
0.23558372259140015,-0.6333794891834259,0.09775924682617188
0.23383861780166626,-0.6334029734134674,0.034879446029663086
0.2334166169166565,-0.6309185922145844,0.044398605823516846
0.2324068546295166,-0.6308062076568604,0.0567394495010376
0.23294442892074585,-0.6304861307144165,0.05126512050628662
0.23292851448059082,-0.6304089725017548,0.03548026084899902
0.22792094945907593,-0.6327995359897614,0.02833491563796997
0.22699713706970215,-0.6329253613948822,0.043921709060668945
0.2275887131690979,-0.6326484680175781,0.012248069047927856
0.22625035047531128,-0.6328867673873901,0.026314079761505127
0.22586077451705933,-0.6325115859508514,0.06525969505310059
0.22620350122451782,-0.6304303109645844,0.08522889018058777
0.22419267892837524,-0.62737175822258,0.042305946350097656
0.22502171993255615,-0.6273116171360016,0.09790614247322083
0.22427505254745483,-0.6366521716117859,0.05063033103942871
0.22425848245620728,-0.639510303735733,0.04820409417152405
0.22394728660583496,-0.6481700837612152,-0.03452414274215698
0.22379612922668457,-0.6497571766376495,0.06040129065513611
0.2237035632133484,-0.6501284539699554,0.09515795111656189
0.22115856409072876,-0.650635302066803,0.04612761735916138
0.22153115272521973,-0.6490094363689423,-0.032214343547821045
0.2238895297050476,-0.648796796798706,0.043641120195388794
0.21199315786361694,-0.6434321105480194,0.09080517292022705
0.21233022212982178,-0.643378347158432,0.10641449689865112
0.21386104822158813,-0.6432956755161285,0.14872336387634277
0.214164137840271,-0.6461237072944641,0.1363663375377655
0.2153780460357666,-0.6495117247104645,0.08794593811035156
0.21628469228744507,-0.6753663718700409,-0.020127087831497192
0.21812409162521362,-0.6750059425830841,-0.004368782043457031
0.2130262851715088,-0.675003170967102,0.04736962914466858
0.2139042615890503,-0.6743354797363281,0.027379512786865234
0.21503883600234985,-0.6837780773639679,0.026471734046936035
0.21331572532653809,-0.6783543527126312,0.04052305221557617
0.212641179561615,-0.6770210266113281,0.02826780080795288
0.21208596229553223,-0.6757650971412659,0.028677940368652344
0.2155638337135315,-0.6778297424316406,0.009322792291641235
0.21096760034561157,-0.6789633929729462,0.028024137020111084
0.2117442488670349,-0.6770462393760681,0.054120540618896484
0.21098113059997559,-0.6595426797866821,0.02528342604637146
0.2168387770652771,-0.6518032848834991,0.125064879655838
0.2164965271949768,-0.6501240134239197,0.13425156474113464
0.216441810131073,-0.6496983468532562,0.07582747936248779
0.20594871044158936,-0.6480222046375275,0.08097758889198303
0.2071637511253357,-0.6471904218196869,0.023686766624450684
0.20729058980941772,-0.6534678637981415,0.012341707944869995
0.2110247015953064,-0.6525445282459259,0.029274016618728638
0.20613807439804077,-0.652360200881958,0.039909809827804565
0.2082119584083557,-0.6513534188270569,0.0386296808719635
0.20938640832901,-0.6472657322883606,0.0646439790725708
0.20842909812927246,-0.6472330987453461,0.06305617094039917
0.19792848825454712,-0.679825633764267,0.18863239884376526
0.16833168268203735,-0.6753695905208588,0.2163596898317337
0.07756572961807251,-0.6744605004787445,-0.10748767852783203
0.05907994508743286,-0.6698289215564728,-0.12590980529785156
0.05634891986846924,-0.6634692251682281,-0.03257548809051514
0.06212824583053589,-0.6310274004936218,-0.1335691213607788
0.06383341550827026,-0.6346722841262817,-0.12929624319076538
0.06894367933273315,-0.6235331296920776,-0.02120456099510193
0.07354563474655151,-0.6182774901390076,-0.1002083420753479
0.07437944412231445,-0.6233633756637573,-0.11705952882766724
0.07365870475769043,-0.6261763572692871,-0.05151057243347168
0.072490394115448,-0.6241903007030487,-0.2348473072052002
0.06510394811630249,-0.6337818503379822,-0.04206293821334839
0.0671655535697937,-0.6297227144241333,0.021946340799331665
0.06518572568893433,-0.639192670583725,-0.013230502605438232
0.06406164169311523,-0.636730819940567,-0.18927860260009766
0.0557975172996521,-0.6401293277740479,-0.09923064708709717
0.0575408935546875,-0.6402021050453186,-0.14168912172317505
0.0577315092086792,-0.6408402621746063,-0.08440026640892029
0.05263334512710571,-0.6548871397972107,-0.09219878911972046
0.052728235721588135,-0.6499425768852234,-0.14003735780715942
0.055531442165374756,-0.6533275246620178,-0.16442257165908813
0.057623982429504395,-0.6526159346103668,-0.157814621925354
0.05735105276107788,-0.6528052687644958,-0.06788232922554016
0.05771702527999878,-0.643388032913208,-0.1649641990661621
0.13369208574295044,-0.6460192203521729,0.12266737222671509
0.19565588235855103,-0.651387482881546,0.14225712418556213
0.21634232997894287,-0.6387586891651154,0.13599002361297607
0.2180151343345642,-0.6357125639915466,0.10975724458694458
0.21774202585220337,-0.6262947916984558,0.061725497245788574
0.217035174369812,-0.6161595284938812,0.04923439025878906
0.21965652704238892,-0.6165988147258759,0.14549049735069275
0.21965909004211426,-0.6164567172527313,0.07769465446472168
0.21939265727996826,-0.6147306263446808,0.07717561721801758
0.22044110298156738,-0.6146850883960724,0.08938351273536682
0.2221927046775818,-0.6146554350852966,0.11680281162261963
0.2185986042022705,-0.613050639629364,0.12489369511604309
0.2161334753036499,-0.6084992289543152,0.054502397775650024
0.21547335386276245,-0.6087392866611481,0.0623568594455719
0.2154306173324585,-0.6086074709892273,0.07117018103599548
0.21519780158996582,-0.6084266304969788,0.04547703266143799
0.21515536308288574,-0.6083815693855286,0.047901451587677
0.21356981992721558,-0.6060449481010437,0.11529356241226196
0.21287065744400024,-0.6031870543956757,0.07809367775917053
0.21222203969955444,-0.6046954989433289,0.014923036098480225
0.2078271508216858,-0.6055262088775635,0.03913179039955139
0.20611590147018433,-0.611251950263977,0.04837667942047119
0.20772045850753784,-0.6123174726963043,0.07281523942947388
0.20458227396011353,-0.615531712770462,0.06455883383750916
0.2049810290336609,-0.6171193718910217,0.09417086839675903
0.20467382669448853,-0.6163625419139862,0.03943610191345215
0.20879143476486206,-0.6137113273143768,0.09617859125137329
0.20728135108947754,-0.6105651259422302,0.07977733016014099
0.21013522148132324,-0.6075904667377472,0.05790865421295166
0.21019577980041504,-0.6074881553649902,0.13405334949493408
0.21021217107772827,-0.6081636250019073,0.08474677801132202
0.21239489316940308,-0.6083055138587952,0.042243361473083496
0.21202963590621948,-0.6084734499454498,0.10660237073898315
0.21098512411117554,-0.6099975407123566,0.09514680504798889
0.21162527799606323,-0.6126269400119781,0.08095511794090271
0.21040600538253784,-0.6172059774398804,0.11604887247085571
0.20723700523376465,-0.6316910684108734,0.08118614554405212
0.19963479042053223,-0.6467431783676147,0.059669673442840576
0.1821799874305725,-0.6590757966041565,0.26772621273994446
0.11759519577026367,-0.6486561596393585,0.09257778525352478
0.10295319557189941,-0.6495111584663391,-0.0032452940940856934
0.0736512541770935,-0.6453936100006104,-0.1850302815437317
0.07440751791000366,-0.641025960445404,-0.1281362771987915
0.07384079694747925,-0.621149092912674,-0.0561942458152771
0.07360488176345825,-0.6195741295814514,-0.1335223913192749
0.07350301742553711,-0.6275414824485779,-0.12067365646362305
0.0738796591758728,-0.6243259310722351,-0.13727349042892456
0.07382339239120483,-0.6224613189697266,-0.1009742021560669
0.07277297973632812,-0.6191887557506561,-0.0915021300315857
0.07156604528427124,-0.6173349618911743,-0.12595027685165405
0.07218784093856812,-0.612229734659195,-0.06400322914123535
0.07238239049911499,-0.6123338043689728,-0.09112885594367981
0.07239782810211182,-0.6121754348278046,-0.09673047065734863
0.07353520393371582,-0.6208361387252808,-0.11031961441040039
0.07572287321090698,-0.6205157339572906,-0.06970605254173279
0.07416796684265137,-0.626489132642746,-0.12080961465835571
0.07417744398117065,-0.6286333799362183,-0.11346101760864258
0.07342672348022461,-0.6307061910629272,-0.2012743353843689
0.07313847541809082,-0.6311231851577759,-0.14073359966278076
0.07170146703720093,-0.6308226585388184,-0.12237298488616943
0.07165712118148804,-0.6313986480236053,-0.17615002393722534
0.07158917188644409,-0.6365886330604553,-0.0893520712852478
0.07177603244781494,-0.6451441943645477,-0.2033059000968933
0.07388705015182495,-0.6446543335914612,-0.22439628839492798
0.07395291328430176,-0.6425787508487701,-0.035680145025253296
0.08086872100830078,-0.6341456770896912,-0.07936668395996094
0.08085238933563232,-0.6183881163597107,-0.058345258235931396
0.07798713445663452,-0.618876188993454,-0.1356581449508667
0.07691121101379395,-0.6166533827781677,-0.011033624410629272
0.06984025239944458,-0.6219511926174164,-0.05568861961364746
0.06982940435409546,-0.6229627430438995,-0.08039864897727966
0.07361805438995361,-0.6079868376255035,-0.011685490608215332
0.06867516040802002,-0.6058037579059601,0.006321430206298828
0.05375397205352783,-0.5918577313423157,0.09422516822814941
0.0499839186668396,-0.5921742618083954,0.07389092445373535
0.04403609037399292,-0.5917992889881134,0.035909056663513184
0.041182637214660645,-0.5955716371536255,0.04407203197479248
0.042077064514160156,-0.6016456484794617,-0.09505480527877808
0.043412208557128906,-0.6139126121997833,-0.14675581455230713
0.04350823163986206,-0.6155337393283844,-0.16442185640335083
0.04687607288360596,-0.6215478181838989,-0.15014415979385376
0.046900391578674316,-0.6222156584262848,-0.2196732759475708
0.07859581708908081,-0.6274846792221069,-0.09867006540298462
0.14068865776062012,-0.6408825814723969,0.21353290975093842
0.18587708473205566,-0.6278113126754761,0.09106361865997314
0.2001359462738037,-0.621537983417511,0.058753132820129395
0.20502537488937378,-0.6114725768566132,0.034045785665512085
0.20439982414245605,-0.6064603924751282,0.039289116859436035
0.18791097402572632,-0.60096675157547,0.17194494605064392
0.1871289610862732,-0.596230536699295,0.1624627262353897
0.19343560934066772,-0.595164030790329,0.161235511302948
0.18959307670593262,-0.5899622142314911,0.11299073696136475
0.18479877710342407,-0.5889746844768524,0.18827396631240845
0.1912500262260437,-0.5859743654727936,0.1284162998199463
0.18551629781723022,-0.5874651968479156,0.14519158005714417
0.18207567930221558,-0.5876592695713043,0.15880511701107025
0.1897352933883667,-0.5879762470722198,0.1629495918750763
0.19025635719299316,-0.5930002331733704,0.07999181747436523
0.19732779264450073,-0.6003574430942535,0.10908710956573486
0.18555742502212524,-0.6214241683483124,0.09411510825157166
0.17851150035858154,-0.634939581155777,0.22317448258399963
0.14593303203582764,-0.6309582889080048,0.21417798101902008
0.09537291526794434,-0.6140840351581573,0.02849152684211731
0.09047645330429077,-0.6411006450653076,-0.08664166927337646
0.07468897104263306,-0.613999605178833,-0.20947790145874023
0.06542795896530151,-0.5824088156223297,0.011818349361419678
0.06654822826385498,-0.5760761499404907,0.023420065641403198
0.06707125902175903,-0.5650387704372406,0.1926528811454773
0.08046960830688477,-0.5665158629417419,0.2005663514137268
0.0801510214805603,-0.5660882592201233,0.06108856201171875
0.0821613073348999,-0.56352698802948,0.19798997044563293
0.05391758680343628,-0.6188828647136688,0.04377579689025879
0.05517888069152832,-0.7683194577693939,-0.01343536376953125
0.05576527118682861,-0.9273843467235565,-0.004114896059036255
0.054041266441345215,-0.9578307867050171,-0.12959617376327515
0.0448184609413147,-0.9218877106904984,-0.0171564519405365
0.0440940260887146,-0.93783950060606,0.014015763998031616
0.03810518980026245,-0.9795932844281197,-0.041707843542099
0.03814244270324707,-0.9624043628573418,-0.01720207929611206
0.036193788051605225,-0.9761986806988716,-0.08992236852645874
0.035717546939849854,-0.9859155416488647,0.02295777201652527
0.035929977893829346,-0.9854138940572739,-0.10235518217086792
0.03630298376083374,-0.9714534133672714,-0.05286836624145508
0.036331355571746826,-0.9475908726453781,0.058031558990478516
0.03207677602767944,-0.9467989057302475,-0.03346088528633118
0.032060861587524414,-0.9263412803411484,0.07861021161079407
0.03733789920806885,-0.951362855732441,-0.12932747602462769
0.04126298427581787,-0.974800780415535,-0.10561996698379517
0.060362279415130615,-0.9017438888549805,0.14232060313224792
0.1047855019569397,-0.6033251881599426,0.10510528087615967
0.10345399379730225,-0.47747325897216797,0.09238442778587341
0.11823278665542603,-0.4599906802177429,0.16117872297763824
0.12138241529464722,-0.4362615942955017,0.24147900938987732
0.1166377067565918,-0.4326799511909485,0.2655044496059418
0.11639314889907837,-0.43255072832107544,0.25121961534023285
0.11610788106918335,-0.4239736795425415,0.1963222622871399
0.1160537600517273,-0.42925959825515747,0.2370368391275406
0.11600488424301147,-0.4305441379547119,0.2163921594619751
0.11578553915023804,-0.4335309863090515,0.27894173562526703
0.11631888151168823,-0.4333946704864502,0.25019852817058563
0.11522042751312256,-0.4319044351577759,0.2927766814827919
0.11540228128433228,-0.43000972270965576,0.26940248906612396
0.11452800035476685,-0.42764467000961304,0.30017782747745514
0.11412501335144043,-0.4276803731918335,0.283222496509552
0.11401098966598511,-0.4150172472000122,0.3378363996744156
0.11806738376617432,-0.42646485567092896,0.2325424700975418
0.1433544158935547,-0.4713449478149414,0.29771049320697784
0.19269174337387085,-0.5996234118938446,-0.04795941710472107
0.19845432043075562,-0.6545491516590118,-0.02618888020515442
0.21057456731796265,-0.685417115688324,-0.04747885465621948
0.21116185188293457,-0.6880452930927277,-0.08646523952484131
0.21076953411102295,-0.6960740387439728,-0.07413867115974426
0.21061187982559204,-0.6946541666984558,-0.054627686738967896
0.21305882930755615,-0.6903944909572601,-0.0046689510345458984
0.21113401651382446,-0.6765280067920685,-0.1201745867729187
0.2060145139694214,-0.6054328083992004,-0.10203748941421509
0.1777450442314148,-0.5106533169746399,-0.013716161251068115
0.11777037382125854,-0.4167347550392151,0.12097874283790588
0.11550664901733398,-0.42190849781036377,0.1183980405330658
0.11934709548950195,-0.4199238419532776,0.13941690325737
0.11895751953125,-0.41981470584869385,0.1604342758655548
0.12073647975921631,-0.42012494802474976,0.16416066884994507
0.1208534836769104,-0.4203484058380127,0.1355593502521515
0.11984580755233765,-0.4197234511375427,0.148459792137146
0.1179283857345581,-0.419761061668396,0.17862960696220398
0.12425738573074341,-0.4223146438598633,0.12092703580856323
0.147128164768219,-0.465610146522522,-0.018750786781311035
0.18869131803512573,-0.587713360786438,-0.029316753149032593
0.20655351877212524,-0.6705775856971741,-0.02135327458381653
0.2038385272026062,-0.7153941988945007,0.01107645034790039
0.20297294855117798,-0.7094313502311707,-0.01853787899017334
0.2049006223678589,-0.7053177058696747,-0.006688952445983887
0.2066267728805542,-0.7041714787483215,0.00241127610206604
0.20753169059753418,-0.7103976309299469,0.024551361799240112
0.20360082387924194,-0.7817815244197845,0.14865416288375854
0.16803640127182007,-0.880864217877388,-0.008104026317596436
0.1516912579536438,-0.9094452112913132,-0.06917580962181091
0.12494117021560669,-0.9413287341594696,-0.132185697555542
0.11244720220565796,-0.9511108547449112,-0.13371068239212036
0.1066848635673523,-0.9267871677875519,-0.18464070558547974
0.10786747932434082,-0.9265485107898712,-0.2478054165840149
0.1091187596321106,-0.9198796600103378,-0.24443739652633667
0.12027138471603394,-0.9270142167806625,-0.15959817171096802
0.135297954082489,-0.926252692937851,-0.1251111626625061
0.1956942081451416,-0.7178318500518799,0.12158021330833435
0.18854445219039917,-0.5160737037658691,0.19211353361606598
0.14281386137008667,-0.41584813594818115,0.23253712058067322
0.12728184461593628,-0.41832852363586426,0.21075505018234253
0.1116895079612732,-0.381155788898468,0.2065952718257904
0.11133873462677002,-0.38542330265045166,0.2114669680595398
0.11120766401290894,-0.38815248012542725,0.23051682114601135
0.11066913604736328,-0.40102845430374146,0.22811435163021088
0.10708409547805786,-0.3953758478164673,0.21371755003929138
0.02047675848007202,-0.5395578145980835,-0.03863462805747986
0.032579004764556885,-0.6682408154010773,-0.15716052055358887
0.034398555755615234,-0.675407201051712,-0.15530925989151
0.028736352920532227,-0.6793794333934784,-0.1629810929298401
0.034837961196899414,-0.6762470602989197,-0.18689703941345215
0.03487497568130493,-0.6850646436214447,-0.21609598398208618
0.030834853649139404,-0.6843550205230713,-0.22599905729293823
0.03485286235809326,-0.6813288331031799,-0.22364217042922974
0.03328508138656616,-0.6823002099990845,-0.22198975086212158
0.033084332942962646,-0.6827311515808105,-0.20050406455993652
0.0363539457321167,-0.6753858327865601,-0.19795364141464233
0.05262488126754761,-0.6587956547737122,-0.35364043712615967
0.07625144720077515,-0.537294864654541,0.03063303232192993
0.12426060438156128,-0.4937599301338196,0.19523897767066956
0.14340221881866455,-0.462982714176178,0.12636792659759521
0.14606446027755737,-0.4721844792366028,0.18634416162967682
0.1458229422569275,-0.5116295218467712,0.31253496557474136
0.14446818828582764,-0.5274912118911743,0.36163073778152466
0.14403975009918213,-0.5374249219894409,0.39256820175796747
0.14372968673706055,-0.5395904183387756,0.4279517699033022
0.14444655179977417,-0.5372895002365112,0.3572860173881054
0.14389920234680176,-0.5367295742034912,0.4325522631406784
0.14276999235153198,-0.5364713668823242,0.4888165146112442
0.14165323972702026,-0.5363578796386719,0.3175705224275589
0.1398254632949829,-0.5354279279708862,0.3517477810382843
0.13785284757614136,-0.5328028798103333,0.3945521926507354
0.13703066110610962,-0.5245027542114258,0.38694867864251137
0.13575690984725952,-0.5244731307029724,0.3389778137207031
0.13563787937164307,-0.5111861228942871,0.454584289342165
0.1355608105659485,-0.5028334856033325,0.36111897975206375
0.13443702459335327,-0.49435651302337646,0.3632368706166744
0.13436013460159302,-0.47936296463012695,0.36562858894467354
0.1350967288017273,-0.4765327572822571,0.32497695088386536
0.13741350173950195,-0.4653542637825012,0.3454585559666157
0.1355995535850525,-0.46466612815856934,0.32847190648317337
0.13613319396972656,-0.4597233533859253,0.3153400346636772
0.1424400806427002,-0.4549263119697571,0.28993989527225494
0.14316874742507935,-0.46261918544769287,0.29326441138982773
0.14770632982254028,-0.4512689709663391,0.27558763325214386
0.14869016408920288,-0.44508159160614014,0.27250704169273376
0.1434922218322754,-0.4486725926399231,0.25661037862300873
0.14279860258102417,-0.44886183738708496,0.228427916765213
0.1319553256034851,-0.4555128216743469,0.20499469339847565
0.12178146839141846,-0.4544127583503723,0.20845112204551697
0.09755653142929077,-0.46134668588638306,0.17647555470466614
0.09310740232467651,-0.4732992649078369,0.1743823140859604
0.13217705488204956,-0.4972841739654541,0.12767672538757324
0.18674951791763306,-0.5350741147994995,0.006207674741744995
0.23457354307174683,-0.5425803065299988,-0.02117571234703064
0.25024211406707764,-0.5201860666275024,-0.16066253185272217
0.24667948484420776,-0.5282734036445618,-0.03757375478744507
0.2473076581954956,-0.5079241991043091,-0.09834474325180054
0.24691253900527954,-0.5049480199813843,-0.05325973033905029
0.24789434671401978,-0.4940145015716553,-0.03884124755859375
0.24778670072555542,-0.48829716444015503,0.006249219179153442
0.1669713854789734,-0.47328102588653564,0.009932279586791992
0.11849641799926758,-0.43577641248703003,0.10886111855506897
0.08725196123123169,-0.4406375288963318,0.11205866932868958
0.06972485780715942,-0.4451253414154053,0.24570420384407043
0.055073678493499756,-0.4639458656311035,0.29954174906015396
0.04812467098236084,-0.48739075660705566,0.3778190016746521
0.043090999126434326,-0.48714542388916016,0.33684174716472626
0.040391623973846436,-0.48835527896881104,0.3299850821495056
0.04022020101547241,-0.48442476987838745,0.1871921867132187
0.03752654790878296,-0.48423463106155396,0.08352410793304443
0.03268557786941528,-0.48181402683258057,0.10935238003730774
0.03273838758468628,-0.48918771743774414,0.06552872061729431
0.04845166206359863,-0.5271279811859131,0.14178037643432617
0.05711781978607178,-0.555524468421936,0.21150138974189758
0.0574377179145813,-0.5574442744255066,0.20788590610027313
0.05720961093902588,-0.5560795068740845,0.23076552152633667
0.057342469692230225,-0.5552924871444702,0.21466901898384094
0.05841952562332153,-0.5518143773078918,0.18031981587409973
0.05853140354156494,-0.551926851272583,0.18287251889705658
0.05928283929824829,-0.5518728494644165,0.13354778289794922
0.05939161777496338,-0.552415132522583,0.1527041494846344
-0.00119781494140625,0.018593966960906982,0.02988070249557495
-0.003807663917541504,0.028660356998443604,0.056529700756073
-0.003688335418701172,0.023217618465423584,0.08783069252967834
-0.004774808883666992,0.023471176624298096,0.04606205224990845
-0.004060089588165283,0.027655363082885742,0.0628385841846466
-0.0037218332290649414,0.0252494215965271,0.1247151792049408
-0.003607809543609619,0.03516143560409546,0.07440558075904846
-2.205371856689453e-06,0.0028607845306396484,0.10894045233726501
0.016493260860443115,-0.039269864559173584,0.22585639357566833
0.04193413257598877,-0.09982085227966309,0.3252907320857048
0.054941773414611816,-0.14905452728271484,0.23357465863227844
0.055943071842193604,-0.15797781944274902,0.268936350941658
0.05548197031021118,-0.15613096952438354,0.20009496808052063
0.05378645658493042,-0.14745938777923584,0.2616256922483444
0.05290818214416504,-0.12884271144866943,0.224543035030365
0.046244919300079346,-0.12832242250442505,0.19289004802703857
0.04620087146759033,-0.12417584657669067,0.18608176708221436
0.04761439561843872,-0.11390584707260132,0.21859917044639587
0.0461878776550293,-0.11373865604400635,0.22624817490577698
0.04615068435668945,-0.10806047916412354,0.22923734784126282
0.0463252067565918,-0.10621100664138794,0.2119639813899994
0.043809711933135986,-0.1058540940284729,0.2484634891152382
0.04388958215713501,-0.10079717636108398,0.23878397047519684
0.04562067985534668,-0.10171735286712646,0.19522114098072052
0.06591582298278809,-0.1072157621383667,0.1973961740732193
0.062343716621398926,-0.10397624969482422,0.18855459988117218
0.061919450759887695,-0.10510998964309692,0.18773923814296722
0.058438777923583984,-0.10591983795166016,0.19948871433734894
0.05872076749801636,-0.09821045398712158,0.17388883233070374
0.05849790573120117,-0.09511053562164307,0.1927882730960846
0.058357954025268555,-0.09358632564544678,0.2114582359790802
0.05813241004943848,-0.08687031269073486,0.18470297753810883
0.058085739612579346,-0.08612442016601562,0.20011037588119507
0.03714054822921753,-0.08607107400894165,0.2476755529642105
0.023454904556274414,-0.0628320574760437,0.2434185892343521
0.0016185641288757324,-0.030060231685638428,0.25619374215602875
-0.0003387928009033203,-0.010628163814544678,0.19457128643989563
-0.002881944179534912,-0.00646662712097168,0.19482694566249847
-0.006962776184082031,-0.00738525390625,0.25933249294757843
-0.01568382978439331,0.014701247215270996,0.13277755677700043
-0.01550990343093872,0.013673126697540283,0.1737688034772873
-0.015469074249267578,0.003856658935546875,0.1838611513376236
-0.013916492462158203,0.0015133023262023926,0.18503282964229584
-0.018966853618621826,0.00603407621383667,0.20497317612171173
-0.03174161911010742,-0.013507843017578125,0.22190073132514954
-0.051439106464385986,-0.02813476324081421,0.22575056552886963
-0.08667254447937012,-0.03957778215408325,0.1881672441959381
-0.09894895553588867,-0.03912550210952759,0.1413062959909439
-0.10060334205627441,-0.027931153774261475,0.03897976875305176
-0.10389691591262817,-0.02739250659942627,0.06995594501495361
-0.105987548828125,-0.03351759910583496,0.07626771926879883
-0.10556608438491821,-0.02884972095489502,0.023686707019805908
-0.10534441471099854,-0.044044554233551025,0.03970777988433838
-0.10403585433959961,-0.04767489433288574,-0.009563326835632324
-0.10411399602890015,-0.04744488000869751,0.04659798741340637
-0.10403496026992798,-0.051217615604400635,0.05901405215263367
-0.10380077362060547,-0.032157301902770996,0.025231122970581055
-0.10379695892333984,-0.03233414888381958,0.02665567398071289
-0.10445249080657959,-0.03015303611755371,0.10734903812408447
-0.10522770881652832,-0.04005163908004761,0.18857993185520172
-0.10386568307876587,-0.024127483367919922,0.1694229692220688
-0.09720069169998169,-0.01947176456451416,0.21823802590370178
-0.05571633577346802,-0.06430739164352417,0.25977474451065063
-0.0589718222618103,-0.057095885276794434,0.19958075881004333
-0.06342250108718872,-0.014421522617340088,0.12327221035957336
-0.0561368465423584,-0.00015968084335327148,0.1493891179561615
-0.05019640922546387,-0.001415550708770752,0.194403737783432
-0.05431467294692993,-0.0025670528411865234,0.15373653173446655
-0.054381728172302246,-0.01494455337524414,0.1638651192188263
-0.05459010601043701,-0.01829516887664795,0.16213801503181458
-0.05400806665420532,-0.020209133625030518,0.2049991488456726
-0.05396747589111328,-0.030037760734558105,0.22710904479026794
-0.055196940898895264,-0.02748662233352661,0.1944241225719452
-0.05518531799316406,-0.01760798692703247,0.19124652445316315
-0.06161695718765259,0.0028287768363952637,0.061242103576660156
-0.06990599632263184,0.002543151378631592,0.06833070516586304
-0.07140576839447021,0.005421638488769531,0.060466378927230835
-0.07045477628707886,0.005003631114959717,0.06307440996170044
-0.07146322727203369,0.0033083558082580566,0.12841829657554626
-0.06883770227432251,0.0040740966796875,0.12400268018245697
-0.06805455684661865,0.01094287633895874,0.10585677623748779
-0.06797802448272705,0.010507524013519287,0.1279405951499939
-0.0659220814704895,0.019690513610839844,0.13154450058937073
-0.0677340030670166,-0.012101888656616211,0.11518076062202454
-0.06999778747558594,-0.0015715956687927246,0.15370914340019226
-0.0686599612236023,0.007142364978790283,0.15243031084537506
-0.06782197952270508,0.008957147598266602,0.07048100233078003
-0.07672452926635742,0.009182631969451904,-0.0046614110469818115
-0.07738518714904785,0.010356485843658447,0.033794552087783813
-0.05426943302154541,-0.004050076007843018,0.0530356764793396
-0.03899413347244263,-0.025784194469451904,0.1506243646144867
-0.032305002212524414,-0.004178225994110107,0.14385852217674255
-0.026783406734466553,0.0018557906150817871,0.026237964630126953
-0.06048375368118286,-0.020786046981811523,0.13190338015556335
-0.12217319011688232,-0.021837949752807617,0.09955894947052002
-0.16270887851715088,-0.003541290760040283,-0.0812915563583374
-0.2093448042869568,-0.023702502250671387,-0.09292957186698914
-0.25180113315582275,-0.044501304626464844,-0.06074833869934082
-0.25585252046585083,-0.05901181697845459,-0.056091904640197754
-0.2742953896522522,-0.05135810375213623,-0.06791961193084717
-0.2720741629600525,-0.04772824048995972,-0.09068042039871216
-0.26523301005363464,-0.04382234811782837,-0.08406829833984375
-0.2483341097831726,-0.05206763744354248,-0.07738816738128662
-0.2502952814102173,-0.05127650499343872,-0.05381166934967041
-0.25384971499443054,-0.051078617572784424,-0.047937601804733276
-0.26696842908859253,-0.07206547260284424,-0.04840084910392761
-0.2576250433921814,-0.05417519807815552,-0.07455012202262878
-0.26146218180656433,-0.05229473114013672,-0.0782386064529419
-0.2399415671825409,-0.053668975830078125,-0.06698566675186157
-0.23141378164291382,-0.04631376266479492,-0.06812697649002075
-0.21274539828300476,-0.04678922891616821,-0.004054754972457886
-0.21661627292633057,-0.02740633487701416,-0.08348685503005981
-0.2170972228050232,-0.028693854808807373,-0.07632094621658325
-0.2332598865032196,-0.031026601791381836,-0.08814269304275513
-0.24591568112373352,-0.028499066829681396,-0.0468980073928833
-0.29065263271331787,-0.04974400997161865,0.1304350197315216
-0.3680531084537506,0.00504833459854126,0.12357598543167114
-0.32208430767059326,-0.004101455211639404,0.009725958108901978
-0.3221144676208496,0.0022054314613342285,0.003304004669189453
-0.3432762324810028,0.0809374451637268,-0.07338273525238037
-0.3736315071582794,0.24144399166107178,0.06740444898605347
-0.36930882930755615,0.2513059973716736,0.1208191066980362
-0.368857204914093,0.2688164710998535,0.08268469572067261
-0.37481820583343506,0.2860026955604553,0.11067554354667664
-0.32263484597206116,0.3821893334388733,-0.02677333354949951
-0.2670367360115051,0.40408724546432495,-0.11229920387268066
-0.221899151802063,0.39686959981918335,-0.1274341642856598
-0.18762868642807007,0.3683848977088928,-0.036879926919937134
-0.16359704732894897,0.33901447057724,-0.09983387589454651
-0.17654907703399658,0.34670764207839966,-0.10194504261016846
-0.19838136434555054,0.3567141890525818,-0.08377701044082642
-0.20985957980155945,0.36702436208724976,-0.04319086670875549
-0.21282494068145752,0.3718116879463196,-0.06465792655944824
-0.23664191365242004,0.36869484186172485,0.005861937999725342
-0.20999491214752197,0.35576921701431274,0.0004476308822631836
-0.31842541694641113,0.26859307289123535,0.04841330647468567
-0.29183122515678406,-0.0743645429611206,-0.09951701760292053
-0.26918017864227295,-0.12023210525512695,-0.1254357099533081
-0.27211296558380127,-0.08720344305038452,-0.1375969648361206
-0.2731722593307495,-0.1052597165107727,-0.15304481983184814
-0.2854476571083069,-0.10030239820480347,-0.10870057344436646
-0.29147860407829285,-0.10639554262161255,-0.12064003944396973
-0.29121750593185425,-0.06826978921890259,-0.16845989227294922
-0.2927670478820801,-0.06900995969772339,-0.16506993770599365
-0.30262771248817444,-0.06373441219329834,-0.12309634685516357
-0.317676842212677,-0.05470740795135498,-0.12433606386184692
-0.35563188791275024,0.061962127685546875,-0.025595128536224365
-0.3704259693622589,0.07472503185272217,-0.04159274697303772
-0.376814603805542,0.11146742105484009,-0.11604714393615723
-0.38124313950538635,0.11906790733337402,-0.08977386355400085
-0.38062113523483276,0.12602651119232178,-0.14267367124557495
-0.38190600275993347,0.1253013014793396,-0.06252136826515198
-0.38255617022514343,0.1225205659866333,-0.07138442993164062
-0.38287481665611267,0.12012380361557007,-0.11930009722709656
-0.3769051432609558,0.1269715428352356,-0.1154419481754303
-0.37667378783226013,0.13091117143630981,-0.10954925417900085
-0.37612029910087585,0.13387531042099,-0.15208381414413452
-0.3795181214809418,0.13347607851028442,-0.14203184843063354
-0.37939247488975525,0.13616865873336792,-0.03219348192214966
-0.3745843768119812,0.1687091588973999,-0.004359066486358643
-0.36887556314468384,0.1975368857383728,0.01331368088722229
-0.27718183398246765,0.415302574634552,0.0063397884368896484
